{
    "mtx": [
        [
            518.6607253679701,
            0.0,
            334.0204405381375
        ],
        [
            0.0,
            518.5784667172422,
            269.6131463292865
        ],
        [
            0.0,
            0.0,
            1.0
        ]
    ],
    "dist": [
        [
            -0.07606761914901321,
            0.3876988401541418,
            0.0010609785664676826,
            0.0011563252031962506,
            -0.569914314808684
        ]
    ]
}