{
    "mtx": [
        [
            1043.054144567622,
            0.0,
            969.385792968186
        ],
        [
            0.0,
            1044.94286315679,
            586.7978891481506
        ],
        [
            0.0,
            0.0,
            1.0
        ]
    ],
    "dist": [
        [
            -0.02841005419157487,
            0.09320084120781004,
            -0.0006294514036662514,
            0.0002848246552362343,
            -0.07565469016887746
        ]
    ]
}