{
    "mtx": [
        [
            519.9484862313401,
            0.0,
            328.74899591070783
        ],
        [
            0.0,
            521.9965789566423,
            267.4659627122974
        ],
        [
            0.0,
            0.0,
            1.0
        ]
    ],
    "dist": [
        [
            -0.044558552428550544,
            0.11642468131007308,
            0.0011623280848466206,
            -0.000596500220468312,
            -0.1625677439593992
        ]
    ]
}