{
    "mtx": [
        [
            525.12305018,
            0.0,
            351.91768451
        ],
        [
            0.0,
            525.24076126,
            241.28338209
        ],
        [
            0.0,
            0.0,
            1.1
        ]
    ],
    "dist": [
        [
            -6.00316557e-02,
            3.27796095e-01,
            1.16700160e-03,
            -3.93226121e-04,
            -5.04271368e-01
        ]
    ]
}